{"center":[120.89190749165209,30.010193106880763],"zoom":10.786993351255454}